"DESCRIPTION","DURATION IN MS","NAME","PARENT SUITE","START TIME","STATUS","STOP TIME","SUB SUITE","SUITE","TEST CLASS","TEST METHOD"
"","4346","Which profile has the most followers in common with others?","Baseline_qwen2.5-coder @ 2026-07-11T22:08:42Z","2026-07-11","passed","2026-07-11","Q37 (qwen2.5-coder)","out-of-scope (exception)","",""
"","5442","What are the average prices of dishes at São Paulo?","Baseline_qwen2.5-coder @ 2026-07-11T22:08:42Z","2026-07-11","passed","2026-07-11","Q14 (qwen2.5-coder)","high (multi-modal, temporal)","",""
"","20294","Which restaurants in Balneário Camboriú post frequently about pasta?","Baseline_gemini @ 2026-07-11T22:08:42Z","2026-07-11","passed","2026-07-11","Q07 (gemini)","medium (multi-agent, textual)","",""
"","17741","What are the main criticisms of @broxadasinistra publications?","Baseline_qwen2.5-coder @ 2026-07-11T22:08:42Z","2026-07-11","passed","2026-07-11","Q32 (qwen2.5-coder)","high (multi-modal, temporal)","",""
"","136474","What was @fluminensefc last match?","sample-10_alpha-1.0_beta-0.0 @ 2026-07-09T16:05:58Z","2026-07-09","passed","2026-07-09","Q27","high (multi-modal, temporal)","",""
"","150983","What are Japanese restaurants main offered dishes?","sample-10_alpha-1.0_beta-0.0 @ 2026-07-09T16:05:58Z","2026-07-09","passed","2026-07-09","Q12","high (multi-modal, temporal)","",""
"","24460","Which bakeries are followed by influencers?","sample-10_alpha-0.5_beta-0.5 @ 2026-07-07T14:16:16Z","2026-07-07","passed","2026-07-07","Q45","medium (multi-agent, textual)","",""
"","12054","Which restaurants in São Paulo have more than 10k followers?","sample-10_alpha-0.7_beta-0.3 @ 2026-07-08T03:03:46Z","2026-07-08","passed","2026-07-08","Q05","low (single-agent, textual)","",""
"","19148","Which profile has the most followers in common with others?","sample-10_alpha-0.7_beta-0.3 @ 2026-07-08T03:03:46Z","2026-07-08","passed","2026-07-08","Q37","out-of-scope (exception)","",""
"","12209","Do any profiles mention vegan options in their biography?","sample-10_alpha-0.7_beta-0.3 @ 2026-07-08T03:03:46Z","2026-07-08","passed","2026-07-08","Q41","low (single-agent, textual)","",""
"","12902","Does the @haight_clothing profile sell online?","sample-10_alpha-0.7_beta-0.3 @ 2026-07-08T03:03:46Z","2026-07-08","passed","2026-07-08","Q23","medium (multi-agent, textual)","",""
"","11789","Which restaurants mention sushi in their profile?","sample-10_alpha-0.3_beta-0.7 @ 2026-07-08T01:03:58Z","2026-07-08","passed","2026-07-08","Q43","low (single-agent, textual)","",""
"","144510","Which restaurant's seafood posts receive the most comments?","sample-10_alpha-0.3_beta-0.7 @ 2026-07-08T01:03:58Z","2026-07-08","passed","2026-07-08","Q47","medium (multi-agent, textual)","",""
"","1478","Which post from the @haight_clothing profile had the highest engagement?","Baseline_qwen2.5-coder @ 2026-07-11T22:08:42Z","2026-07-11","passed","2026-07-11","Q25 (qwen2.5-coder)","medium (multi-agent, textual)","",""
"","17596","Which restaurant will go viral next month?","sample-10_alpha-0.5_beta-0.5 @ 2026-07-07T14:16:16Z","2026-07-07","passed","2026-07-07","Q48","out-of-scope (exception)","",""
"","11910","What are the best lifestyle tips given by the @eusougabriela profile?","Baseline_qwen2.5-coder @ 2026-07-11T22:08:42Z","2026-07-11","passed","2026-07-11","Q35 (qwen2.5-coder)","low (single-agent, textual)","",""
"","9337","Which restaurants have more than 5k followers?","sample-10_alpha-0.5_beta-0.5 @ 2026-07-07T14:16:16Z","2026-07-07","passed","2026-07-07","Q42","low (single-agent, textual)","",""
"","3886","Which post did people find funniest from @broxadasinistra?","Baseline_gemini @ 2026-07-11T22:08:42Z","2026-07-11","passed","2026-07-11","Q30 (gemini)","high (multi-modal, temporal)","",""
"","166002","Which restaurants mention pizza in their profile?","sample-10_alpha-0.5_beta-0.5 @ 2026-07-07T14:16:16Z","2026-07-07","passed","2026-07-07","Q03","low (single-agent, textual)","",""
"","1313","Which restaurant is objectively the best in town?","Baseline_qwen2.5-coder @ 2026-07-11T22:08:42Z","2026-07-11","passed","2026-07-11","Q19 (qwen2.5-coder)","out-of-scope (exception)","",""
"","150567","Which restaurants will introduce new menu items next month?","sample-10_alpha-0.3_beta-0.7 @ 2026-07-08T01:03:58Z","2026-07-08","passed","2026-07-08","Q17","out-of-scope (exception)","",""
"","12229","Which restaurants mention sushi in their profile?","sample-10_alpha-0.0_beta-1.0 @ 2026-07-09T17:35:04Z","2026-07-09","passed","2026-07-09","Q43","low (single-agent, textual)","",""
"","140843","What is the best fitness tip given by the @eusougabriela profile?","sample-10_alpha-0.0_beta-1.0 @ 2026-07-09T17:35:04Z","2026-07-09","passed","2026-07-09","Q34","low (single-agent, textual)","",""
"","193557","Was any comment on @broxadasinistra publications flagged for any kind of intolerance (racial, gender-based, or religious)?","sample-10_alpha-0.7_beta-0.3 @ 2026-07-08T03:03:46Z","2026-07-08","passed","2026-07-08","Q33","out-of-scope (exception)","",""
"","7727","What are the biggest criticisms of the content published by the @eusougabriela profile?","Baseline_qwen2.5-coder @ 2026-07-11T22:08:42Z","2026-07-11","passed","2026-07-11","Q36 (qwen2.5-coder)","high (multi-modal, temporal)","",""
"","208224","Which post did people find funniest from @broxadasinistra?","sample-10_alpha-0.7_beta-0.3 @ 2026-07-08T03:03:46Z","2026-07-08","passed","2026-07-08","Q30","high (multi-modal, temporal)","",""
"","13925","Which profile has the most followers in common with others?","sample-10_alpha-0.5_beta-0.5 @ 2026-07-07T14:16:16Z","2026-07-07","passed","2026-07-07","Q37","out-of-scope (exception)","",""
"","11963","What restaurants are open on Wednesdays?","Baseline_gemini @ 2026-07-11T22:08:42Z","2026-07-11","passed","2026-07-11","Q04 (gemini)","low (single-agent, textual)","",""
"","143695","Which post from the @haight_clothing profile had the highest engagement?","sample-10_alpha-0.7_beta-0.3 @ 2026-07-08T03:03:46Z","2026-07-08","passed","2026-07-08","Q25","medium (multi-agent, textual)","",""
"","146478","What restaurants serve fish dishes?","sample-10_alpha-0.3_beta-0.7 @ 2026-07-08T01:03:58Z","2026-07-08","passed","2026-07-08","Q10","medium (multi-agent, textual)","",""
"","16562","I need to promote a high-end women's clothing brand — could you recommend profiles that fit that description?","sample-10_alpha-0.7_beta-0.3 @ 2026-07-08T03:03:46Z","2026-07-08","passed","2026-07-08","Q39","medium (multi-agent, textual)","",""
"","157667","Which restaurants will introduce new menu items next month?","sample-10_alpha-0.7_beta-0.3 @ 2026-07-08T03:03:46Z","2026-07-08","passed","2026-07-08","Q17","out-of-scope (exception)","",""
"","11294","What is the best fitness tip given by the @eusougabriela profile?","Baseline_llama3.1 @ 2026-07-11T22:08:42Z","2026-07-11","passed","2026-07-11","Q34 (llama3.1)","low (single-agent, textual)","",""
"","92141","Which bakeries are followed by influencers?","sample-10_alpha-0.0_beta-1.0 @ 2026-07-09T17:35:04Z","2026-07-09","passed","2026-07-09","Q45","medium (multi-agent, textual)","",""
"","11650","What restaurants are followed by influencers?","sample-10_alpha-0.3_beta-0.7 @ 2026-07-08T01:03:58Z","2026-07-08","passed","2026-07-08","Q08","medium (multi-agent, textual)","",""
"","179465","What are the main criticisms of @broxadasinistra publications?","sample-10_alpha-0.7_beta-0.3 @ 2026-07-08T03:03:46Z","2026-07-08","passed","2026-07-08","Q32","high (multi-modal, temporal)","",""
"","12593","What Italian restaurants in São Paulo are popular on Instagram?","sample-10_alpha-1.0_beta-0.0 @ 2026-07-09T16:05:58Z","2026-07-09","passed","2026-07-09","Q06","medium (multi-agent, textual)","",""
"","148029","Which restaurants have more than 5k followers?","sample-10_alpha-0.3_beta-0.7 @ 2026-07-08T01:03:58Z","2026-07-08","passed","2026-07-08","Q42","low (single-agent, textual)","",""
"","1675","Which restaurant will go viral next month?","Baseline_qwen2.5-coder @ 2026-07-11T22:08:42Z","2026-07-11","passed","2026-07-11","Q48 (qwen2.5-coder)","out-of-scope (exception)","",""
"","12304","Which restaurant owner has the best personality?","sample-10_alpha-1.0_beta-0.0 @ 2026-07-09T16:05:58Z","2026-07-09","passed","2026-07-09","Q50","out-of-scope (exception)","",""
"","8956","Which restaurants mention sushi in their profile?","Baseline_qwen2.5-coder @ 2026-07-11T22:08:42Z","2026-07-11","passed","2026-07-11","Q43 (qwen2.5-coder)","low (single-agent, textual)","",""
"","147965","Which restaurants in Balneário Camboriú post frequently about pasta?","sample-10_alpha-0.5_beta-0.5 @ 2026-07-07T14:16:16Z","2026-07-07","passed","2026-07-07","Q07","medium (multi-agent, textual)","",""
"","3641","What clothing items are most suitable for a beach wedding?","Baseline_gemini @ 2026-07-11T22:08:42Z","2026-07-11","passed","2026-07-11","Q22 (gemini)","out-of-scope (exception)","",""
"","11935","Who is @fluminensefc most beloved player?","sample-10_alpha-0.3_beta-0.7 @ 2026-07-08T01:03:58Z","2026-07-08","passed","2026-07-08","Q28","high (multi-modal, temporal)","",""
"","149070","What is the best fitness tip given by the @eusougabriela profile?","sample-10_alpha-1.0_beta-0.0 @ 2026-07-09T16:05:58Z","2026-07-09","passed","2026-07-09","Q34","low (single-agent, textual)","",""
"","2596","What is the perception of @haight_clothing profile based on comments?","Baseline_qwen2.5-coder @ 2026-07-11T22:08:42Z","2026-07-11","passed","2026-07-11","Q21 (qwen2.5-coder)","high (multi-modal, temporal)","",""
"","11550","What are the average prices of dishes at São Paulo?","sample-10_alpha-0.0_beta-1.0 @ 2026-07-09T17:35:04Z","2026-07-09","passed","2026-07-09","Q14","high (multi-modal, temporal)","",""
"","149811","Which restaurant's seafood posts receive the most comments?","sample-10_alpha-0.0_beta-1.0 @ 2026-07-09T17:35:04Z","2026-07-09","passed","2026-07-09","Q47","medium (multi-agent, textual)","",""
"","20130","What restaurants have the best taste according to customers?","Baseline_gemini @ 2026-07-11T22:08:42Z","2026-07-11","passed","2026-07-11","Q18 (gemini)","out-of-scope (exception)","",""
"","12884","Which restaurants mention sushi in their profile?","Baseline_llama3.1 @ 2026-07-11T22:08:42Z","2026-07-11","passed","2026-07-11","Q43 (llama3.1)","low (single-agent, textual)","",""
"","141200","Which restaurants are located in Florianópolis?","sample-10_alpha-0.0_beta-1.0 @ 2026-07-09T17:35:04Z","2026-07-09","passed","2026-07-09","Q40","low (single-agent, textual)","",""
"","165760","What is the healthiest restaurant option according to medical guidelines?","sample-10_alpha-0.7_beta-0.3 @ 2026-07-08T03:03:46Z","2026-07-08","passed","2026-07-08","Q49","out-of-scope (exception)","",""
"","60033","Was any comment on @broxadasinistra publications flagged for any kind of intolerance (racial, gender-based, or religious)?","Baseline_llama3.1 @ 2026-07-11T22:08:42Z","2026-07-11","passed","2026-07-11","Q33 (llama3.1)","out-of-scope (exception)","",""
"","157190","What restaurants are near Balneário Camboriú?","sample-10_alpha-0.0_beta-1.0 @ 2026-07-09T17:35:04Z","2026-07-09","passed","2026-07-09","Q01","low (single-agent, textual)","",""
"","11832","Which influencers follow the @haight_clothing brand?","sample-10_alpha-0.0_beta-1.0 @ 2026-07-09T17:35:04Z","2026-07-09","passed","2026-07-09","Q24","medium (multi-agent, textual)","",""
"","145215","What are the best lifestyle tips given by the @eusougabriela profile?","sample-10_alpha-0.3_beta-0.7 @ 2026-07-08T01:03:58Z","2026-07-08","passed","2026-07-08","Q35","low (single-agent, textual)","",""
"","12409","Which restaurants in São Paulo have more than 10k followers?","sample-10_alpha-0.5_beta-0.5 @ 2026-07-07T14:16:16Z","2026-07-07","passed","2026-07-07","Q05","low (single-agent, textual)","",""
"","17322","Was any comment on @broxadasinistra publications flagged for any kind of intolerance (racial, gender-based, or religious)?","sample-10_alpha-0.5_beta-0.5 @ 2026-07-07T14:16:16Z","2026-07-07","passed","2026-07-07","Q33","out-of-scope (exception)","",""
"","17005","What restaurants are near Balneário Camboriú?","Baseline_gemini @ 2026-07-11T22:08:42Z","2026-07-11","passed","2026-07-11","Q01 (gemini)","low (single-agent, textual)","",""
"","3807","What is the exact nutritional breakdown of dishes served nearby?","Baseline_gemini @ 2026-07-11T22:08:42Z","2026-07-11","passed","2026-07-11","Q16 (gemini)","out-of-scope (exception)","",""
"","16550","Who is @fluminensefc most beloved player?","Baseline_qwen2.5-coder @ 2026-07-11T22:08:42Z","2026-07-11","passed","2026-07-11","Q28 (qwen2.5-coder)","high (multi-modal, temporal)","",""
"","3924","What are the main criticisms of @broxadasinistra publications?","Baseline_gemini @ 2026-07-11T22:08:42Z","2026-07-11","passed","2026-07-11","Q32 (gemini)","high (multi-modal, temporal)","",""
"","137250","Which restaurants are located in Florianópolis?","sample-10_alpha-1.0_beta-0.0 @ 2026-07-09T16:05:58Z","2026-07-09","passed","2026-07-09","Q40","low (single-agent, textual)","",""
"","141523","Which restaurant's seafood posts receive the most comments?","sample-10_alpha-1.0_beta-0.0 @ 2026-07-09T16:05:58Z","2026-07-09","passed","2026-07-09","Q47","medium (multi-agent, textual)","",""
"","136448","What was @fluminensefc last match?","sample-10_alpha-0.5_beta-0.5 @ 2026-07-07T14:16:16Z","2026-07-07","passed","2026-07-07","Q27","high (multi-modal, temporal)","",""
"","11746","What clothing items are most suitable for a beach wedding?","Baseline_llama3.1 @ 2026-07-11T22:08:42Z","2026-07-11","passed","2026-07-11","Q22 (llama3.1)","out-of-scope (exception)","",""
"","19799","Which bakeries are followed by influencers?","Baseline_llama3.1 @ 2026-07-11T22:08:42Z","2026-07-11","passed","2026-07-11","Q45 (llama3.1)","medium (multi-agent, textual)","",""
"","16019","What are the main topics covered in @broxadasinistra publications?","Baseline_qwen2.5-coder @ 2026-07-11T22:08:42Z","2026-07-11","passed","2026-07-11","Q31 (qwen2.5-coder)","low (single-agent, textual)","",""
"","154792","Which restaurants will introduce new menu items next month?","sample-10_alpha-0.0_beta-1.0 @ 2026-07-09T17:35:04Z","2026-07-09","passed","2026-07-09","Q17","out-of-scope (exception)","",""
"","16546","Which post did people find funniest from @broxadasinistra?","Baseline_llama3.1 @ 2026-07-11T22:08:42Z","2026-07-11","passed","2026-07-11","Q30 (llama3.1)","high (multi-modal, temporal)","",""
"","11801","Which bakeries are followed by influencers?","sample-10_alpha-0.7_beta-0.3 @ 2026-07-08T03:03:46Z","2026-07-08","passed","2026-07-08","Q45","medium (multi-agent, textual)","",""
"","12233","Taking the comments into account, which profile suffers the most hate attacks?","sample-10_alpha-0.0_beta-1.0 @ 2026-07-09T17:35:04Z","2026-07-09","passed","2026-07-09","Q38","out-of-scope (exception)","",""
"","11618","Which influencers follow the @haight_clothing brand?","Baseline_llama3.1 @ 2026-07-11T22:08:42Z","2026-07-11","passed","2026-07-11","Q24 (llama3.1)","medium (multi-agent, textual)","",""
"","150102","What is the perception of @haight_clothing profile based on comments?","sample-10_alpha-0.7_beta-0.3 @ 2026-07-08T03:03:46Z","2026-07-08","passed","2026-07-08","Q21","high (multi-modal, temporal)","",""
"","181178","What are the main criticisms of @broxadasinistra publications?","sample-10_alpha-0.3_beta-0.7 @ 2026-07-08T01:03:58Z","2026-07-08","passed","2026-07-08","Q32","high (multi-modal, temporal)","",""
"","149378","Which restaurants are similar to Tutto Nhoque?","sample-10_alpha-0.3_beta-0.7 @ 2026-07-08T01:03:58Z","2026-07-08","passed","2026-07-08","Q09","medium (multi-agent, textual)","",""
"","149750","Which restaurants are located in Florianópolis?","sample-10_alpha-0.7_beta-0.3 @ 2026-07-08T03:03:46Z","2026-07-08","passed","2026-07-08","Q40","low (single-agent, textual)","",""
"","11588","How do I become an official member (sócio-torcedor) of @fluminensefc?","sample-10_alpha-1.0_beta-0.0 @ 2026-07-09T16:05:58Z","2026-07-09","passed","2026-07-09","Q29","low (single-agent, textual)","",""
"","63544","Which profiles similar to @eusougabriela focus on fitness content?","Baseline_llama3.1 @ 2026-07-11T22:08:42Z","2026-07-11","passed","2026-07-11","Q46 (llama3.1)","medium (multi-agent, textual)","",""
"","22845","Which steakhouses in Curitiba are most discussed in the comments?","sample-10_alpha-0.5_beta-0.5 @ 2026-07-07T14:16:16Z","2026-07-07","passed","2026-07-07","Q44","medium (multi-agent, textual)","",""
"","17549","What are Japanese restaurants main offered dishes?","Baseline_llama3.1 @ 2026-07-11T22:08:42Z","2026-07-11","passed","2026-07-11","Q12 (llama3.1)","high (multi-modal, temporal)","",""
"","191797","Are there any Italian restaurants in Rio de Janeiro?","sample-10_alpha-0.5_beta-0.5 @ 2026-07-07T14:16:16Z","2026-07-07","passed","2026-07-07","Q02","low (single-agent, textual)","",""
"","11969","Which restaurant will go viral next month?","sample-10_alpha-1.0_beta-0.0 @ 2026-07-09T16:05:58Z","2026-07-09","passed","2026-07-09","Q48","out-of-scope (exception)","",""
"","15633","What are the main topics covered in @broxadasinistra publications?","Baseline_llama3.1 @ 2026-07-11T22:08:42Z","2026-07-11","passed","2026-07-11","Q31 (llama3.1)","low (single-agent, textual)","",""
"","185561","What Italian restaurants published their menu in 2025?","sample-10_alpha-0.7_beta-0.3 @ 2026-07-08T03:03:46Z","2026-07-08","passed","2026-07-08","Q11","high (multi-modal, temporal)","",""
"","17738","What restaurants have the best taste according to customers?","sample-10_alpha-0.5_beta-0.5 @ 2026-07-07T14:16:16Z","2026-07-07","passed","2026-07-07","Q18","out-of-scope (exception)","",""
"","161682","What restaurants serve fish dishes?","sample-10_alpha-0.5_beta-0.5 @ 2026-07-07T14:16:16Z","2026-07-07","passed","2026-07-07","Q10","medium (multi-agent, textual)","",""
"","20222","Which restaurant is objectively the best in town?","Baseline_llama3.1 @ 2026-07-11T22:08:42Z","2026-07-11","passed","2026-07-11","Q19 (llama3.1)","out-of-scope (exception)","",""
"","141251","Which restaurants in Balneário Camboriú post frequently about pasta?","sample-10_alpha-1.0_beta-0.0 @ 2026-07-09T16:05:58Z","2026-07-09","passed","2026-07-09","Q07","medium (multi-agent, textual)","",""
"","10618","Which profiles similar to @eusougabriela focus on fitness content?","Baseline_qwen2.5-coder @ 2026-07-11T22:08:42Z","2026-07-11","passed","2026-07-11","Q46 (qwen2.5-coder)","medium (multi-agent, textual)","",""
"","179727","What restaurants are open on Wednesdays?","sample-10_alpha-1.0_beta-0.0 @ 2026-07-09T16:05:58Z","2026-07-09","passed","2026-07-09","Q04","low (single-agent, textual)","",""
"","16360","Has there been any recent crisis or complaints from @fluminensefc fanbase?","Baseline_llama3.1 @ 2026-07-11T22:08:42Z","2026-07-11","passed","2026-07-11","Q26 (llama3.1)","high (multi-modal, temporal)","",""
"","4086","Which restaurants have more than 5k followers?","Baseline_llama3.1 @ 2026-07-11T22:08:42Z","2026-07-11","passed","2026-07-11","Q42 (llama3.1)","low (single-agent, textual)","",""
"","16347","Which restaurants posted daily specials in 2025?","Baseline_llama3.1 @ 2026-07-11T22:08:42Z","2026-07-11","passed","2026-07-11","Q15 (llama3.1)","high (multi-modal, temporal)","",""
"","12445","Which influencers follow the @haight_clothing brand?","sample-10_alpha-0.3_beta-0.7 @ 2026-07-08T01:03:58Z","2026-07-08","passed","2026-07-08","Q24","medium (multi-agent, textual)","",""
"","12400","What restaurants are followed by influencers?","sample-10_alpha-0.5_beta-0.5 @ 2026-07-07T14:16:16Z","2026-07-07","passed","2026-07-07","Q08","medium (multi-agent, textual)","",""
"","11591","Which restaurants have more than 5k followers?","sample-10_alpha-1.0_beta-0.0 @ 2026-07-09T16:05:58Z","2026-07-09","passed","2026-07-09","Q42","low (single-agent, textual)","",""
"","11878","What is the exact nutritional breakdown of dishes served nearby?","Baseline_llama3.1 @ 2026-07-11T22:08:42Z","2026-07-11","passed","2026-07-11","Q16 (llama3.1)","out-of-scope (exception)","",""
"","20861","What are the average prices of dishes at São Paulo?","Baseline_llama3.1 @ 2026-07-11T22:08:42Z","2026-07-11","passed","2026-07-11","Q14 (llama3.1)","high (multi-modal, temporal)","",""
"","192624","Which post from the @haight_clothing profile had the highest engagement?","sample-10_alpha-0.0_beta-1.0 @ 2026-07-09T17:35:04Z","2026-07-09","passed","2026-07-09","Q25","medium (multi-agent, textual)","",""
"","197653","Which post did people find funniest from @broxadasinistra?","sample-10_alpha-1.0_beta-0.0 @ 2026-07-09T16:05:58Z","2026-07-09","passed","2026-07-09","Q30","high (multi-modal, temporal)","",""
"","4712","What Italian restaurants offer dishes with pancetta or prosciutto?","Baseline_qwen2.5-coder @ 2026-07-11T22:08:42Z","2026-07-11","passed","2026-07-11","Q13 (qwen2.5-coder)","high (multi-modal, temporal)","",""
"","4213","I need to promote a high-end women's clothing brand — could you recommend profiles that fit that description?","Baseline_llama3.1 @ 2026-07-11T22:08:42Z","2026-07-11","passed","2026-07-11","Q39 (llama3.1)","medium (multi-agent, textual)","",""
"","133729","Does the @haight_clothing profile sell online?","sample-10_alpha-1.0_beta-0.0 @ 2026-07-09T16:05:58Z","2026-07-09","passed","2026-07-09","Q23","medium (multi-agent, textual)","",""
"","11639","Who is @fluminensefc most beloved player?","sample-10_alpha-0.7_beta-0.3 @ 2026-07-08T03:03:46Z","2026-07-08","passed","2026-07-08","Q28","high (multi-modal, temporal)","",""
"","144653","What restaurants serve fish dishes?","sample-10_alpha-1.0_beta-0.0 @ 2026-07-09T16:05:58Z","2026-07-09","passed","2026-07-09","Q10","medium (multi-agent, textual)","",""
"","167858","What are the biggest criticisms of the content published by the @eusougabriela profile?","sample-10_alpha-0.5_beta-0.5 @ 2026-07-07T14:16:16Z","2026-07-07","passed","2026-07-07","Q36","high (multi-modal, temporal)","",""
"","11583","Which influencers follow the @haight_clothing brand?","sample-10_alpha-0.5_beta-0.5 @ 2026-07-07T14:16:16Z","2026-07-07","passed","2026-07-07","Q24","medium (multi-agent, textual)","",""
"","12503","Do any profiles mention vegan options in their biography?","sample-10_alpha-1.0_beta-0.0 @ 2026-07-09T16:05:58Z","2026-07-09","passed","2026-07-09","Q41","low (single-agent, textual)","",""
"","37654","Taking the comments into account, which profile suffers the most hate attacks?","sample-10_alpha-1.0_beta-0.0 @ 2026-07-09T16:05:58Z","2026-07-09","passed","2026-07-09","Q38","out-of-scope (exception)","",""
"","11758","What restaurants have the best taste according to customers?","sample-10_alpha-0.7_beta-0.3 @ 2026-07-08T03:03:46Z","2026-07-08","passed","2026-07-08","Q18","out-of-scope (exception)","",""
"","263718","Are there any Italian restaurants in Rio de Janeiro?","sample-10_alpha-0.0_beta-1.0 @ 2026-07-09T17:35:04Z","2026-07-09","passed","2026-07-09","Q02","low (single-agent, textual)","",""
"","28485","What restaurants comply with all local health regulations?","Baseline_llama3.1 @ 2026-07-11T22:08:42Z","2026-07-11","passed","2026-07-11","Q20 (llama3.1)","out-of-scope (exception)","",""
"","10916","I need to promote a high-end women's clothing brand — could you recommend profiles that fit that description?","Baseline_qwen2.5-coder @ 2026-07-11T22:08:42Z","2026-07-11","passed","2026-07-11","Q39 (qwen2.5-coder)","medium (multi-agent, textual)","",""
"","35938","How do I become an official member (sócio-torcedor) of @fluminensefc?","Baseline_llama3.1 @ 2026-07-11T22:08:42Z","2026-07-11","passed","2026-07-11","Q29 (llama3.1)","low (single-agent, textual)","",""
"","12999","Which restaurant's seafood posts receive the most comments?","Baseline_llama3.1 @ 2026-07-11T22:08:42Z","2026-07-11","passed","2026-07-11","Q47 (llama3.1)","medium (multi-agent, textual)","",""
"","11883","Which restaurant is objectively the best in town?","sample-10_alpha-1.0_beta-0.0 @ 2026-07-09T16:05:58Z","2026-07-09","passed","2026-07-09","Q19","out-of-scope (exception)","",""
"","7198","Which restaurant owner has the best personality?","Baseline_llama3.1 @ 2026-07-11T22:08:42Z","2026-07-11","passed","2026-07-11","Q50 (llama3.1)","out-of-scope (exception)","",""
"","12929","Has there been any recent crisis or complaints from @fluminensefc fanbase?","sample-10_alpha-0.3_beta-0.7 @ 2026-07-08T01:03:58Z","2026-07-08","passed","2026-07-08","Q26","high (multi-modal, temporal)","",""
"","9894","I need to promote a high-end women's clothing brand — could you recommend profiles that fit that description?","sample-10_alpha-1.0_beta-0.0 @ 2026-07-09T16:05:58Z","2026-07-09","passed","2026-07-09","Q39","medium (multi-agent, textual)","",""
"","153904","What is the healthiest restaurant option according to medical guidelines?","sample-10_alpha-0.5_beta-0.5 @ 2026-07-07T14:16:16Z","2026-07-07","passed","2026-07-07","Q49","out-of-scope (exception)","",""
"","3626","I need to promote a high-end women's clothing brand — could you recommend profiles that fit that description?","Baseline_gemini @ 2026-07-11T22:08:42Z","2026-07-11","passed","2026-07-11","Q39 (gemini)","medium (multi-agent, textual)","",""
"","12394","What is the perception of @haight_clothing profile based on comments?","sample-10_alpha-0.3_beta-0.7 @ 2026-07-08T01:03:58Z","2026-07-08","passed","2026-07-08","Q21","high (multi-modal, temporal)","",""
"","11753","Which restaurants in Balneário Camboriú post frequently about pasta?","Baseline_qwen2.5-coder @ 2026-07-11T22:08:42Z","2026-07-11","passed","2026-07-11","Q07 (qwen2.5-coder)","medium (multi-agent, textual)","",""
"","7236","Which restaurants in São Paulo have more than 10k followers?","Baseline_qwen2.5-coder @ 2026-07-11T22:08:42Z","2026-07-11","passed","2026-07-11","Q05 (qwen2.5-coder)","low (single-agent, textual)","",""
"","154217","Which restaurants will introduce new menu items next month?","sample-10_alpha-0.5_beta-0.5 @ 2026-07-07T14:16:16Z","2026-07-07","passed","2026-07-07","Q17","out-of-scope (exception)","",""
"","12178","What is the perception of @haight_clothing profile based on comments?","sample-10_alpha-1.0_beta-0.0 @ 2026-07-09T16:05:58Z","2026-07-09","passed","2026-07-09","Q21","high (multi-modal, temporal)","",""
"","152723","What restaurants are open on Wednesdays?","sample-10_alpha-0.7_beta-0.3 @ 2026-07-08T03:03:46Z","2026-07-08","passed","2026-07-08","Q04","low (single-agent, textual)","",""
"","12554","What is the perception of @haight_clothing profile based on comments?","sample-10_alpha-0.0_beta-1.0 @ 2026-07-09T17:35:04Z","2026-07-09","passed","2026-07-09","Q21","high (multi-modal, temporal)","",""
"","185360","What are the main topics covered in @broxadasinistra publications?","sample-10_alpha-0.3_beta-0.7 @ 2026-07-08T01:03:58Z","2026-07-08","passed","2026-07-08","Q31","low (single-agent, textual)","",""
"","11289","What clothing items are most suitable for a beach wedding?","sample-10_alpha-0.0_beta-1.0 @ 2026-07-09T17:35:04Z","2026-07-09","passed","2026-07-09","Q22","out-of-scope (exception)","",""
"","11247","Which restaurant is objectively the best in town?","sample-10_alpha-0.5_beta-0.5 @ 2026-07-07T14:16:16Z","2026-07-07","passed","2026-07-07","Q19","out-of-scope (exception)","",""
"","187165","What is the perception of @haight_clothing profile based on comments?","Baseline_llama3.1 @ 2026-07-11T22:08:42Z","2026-07-11","passed","2026-07-11","Q21 (llama3.1)","high (multi-modal, temporal)","",""
"","159264","What restaurants serve fish dishes?","sample-10_alpha-0.7_beta-0.3 @ 2026-07-08T03:03:46Z","2026-07-08","passed","2026-07-08","Q10","medium (multi-agent, textual)","",""
"","137847","Which post from the @haight_clothing profile had the highest engagement?","sample-10_alpha-0.3_beta-0.7 @ 2026-07-08T01:03:58Z","2026-07-08","passed","2026-07-08","Q25","medium (multi-agent, textual)","",""
"","177118","What is the healthiest restaurant option according to medical guidelines?","sample-10_alpha-0.0_beta-1.0 @ 2026-07-09T17:35:04Z","2026-07-09","passed","2026-07-09","Q49","out-of-scope (exception)","",""
"","8240","Which restaurants in São Paulo have more than 10k followers?","Baseline_gemini @ 2026-07-11T22:08:42Z","2026-07-11","passed","2026-07-11","Q05 (gemini)","low (single-agent, textual)","",""
"","12085","Does the @haight_clothing profile sell online?","sample-10_alpha-0.0_beta-1.0 @ 2026-07-09T17:35:04Z","2026-07-09","passed","2026-07-09","Q23","medium (multi-agent, textual)","",""
"","11723","What restaurants are followed by influencers?","sample-10_alpha-1.0_beta-0.0 @ 2026-07-09T16:05:58Z","2026-07-09","passed","2026-07-09","Q08","medium (multi-agent, textual)","",""
"","11185","Which profile has the most followers in common with others?","sample-10_alpha-0.0_beta-1.0 @ 2026-07-09T17:35:04Z","2026-07-09","passed","2026-07-09","Q37","out-of-scope (exception)","",""
"","8117","What restaurants comply with all local health regulations?","Baseline_gemini @ 2026-07-11T22:08:42Z","2026-07-11","passed","2026-07-11","Q20 (gemini)","out-of-scope (exception)","",""
"","3928","What are Japanese restaurants main offered dishes?","Baseline_qwen2.5-coder @ 2026-07-11T22:08:42Z","2026-07-11","passed","2026-07-11","Q12 (qwen2.5-coder)","high (multi-modal, temporal)","",""
"","11845","Which steakhouses in Curitiba are most discussed in the comments?","sample-10_alpha-0.3_beta-0.7 @ 2026-07-08T01:03:58Z","2026-07-08","passed","2026-07-08","Q44","medium (multi-agent, textual)","",""
"","12393","Which profiles similar to @eusougabriela focus on fitness content?","sample-10_alpha-0.3_beta-0.7 @ 2026-07-08T01:03:58Z","2026-07-08","passed","2026-07-08","Q46","medium (multi-agent, textual)","",""
"","11813","Which restaurant owner has the best personality?","sample-10_alpha-0.0_beta-1.0 @ 2026-07-09T17:35:04Z","2026-07-09","passed","2026-07-09","Q50","out-of-scope (exception)","",""
"","24596","Which steakhouses in Curitiba are most discussed in the comments?","Baseline_llama3.1 @ 2026-07-11T22:08:42Z","2026-07-11","passed","2026-07-11","Q44 (llama3.1)","medium (multi-agent, textual)","",""
"","21967","What clothing items are most suitable for a beach wedding?","Baseline_qwen2.5-coder @ 2026-07-11T22:08:42Z","2026-07-11","passed","2026-07-11","Q22 (qwen2.5-coder)","out-of-scope (exception)","",""
"","9387","Which steakhouses in Curitiba are most discussed in the comments?","Baseline_qwen2.5-coder @ 2026-07-11T22:08:42Z","2026-07-11","passed","2026-07-11","Q44 (qwen2.5-coder)","medium (multi-agent, textual)","",""
"","160271","What restaurants are near Balneário Camboriú?","sample-10_alpha-0.7_beta-0.3 @ 2026-07-08T03:03:46Z","2026-07-08","passed","2026-07-08","Q01","low (single-agent, textual)","",""
"","12960","I need to promote a high-end women's clothing brand — could you recommend profiles that fit that description?","sample-10_alpha-0.0_beta-1.0 @ 2026-07-09T17:35:04Z","2026-07-09","passed","2026-07-09","Q39","medium (multi-agent, textual)","",""
"","158128","Which restaurant's seafood posts receive the most comments?","sample-10_alpha-0.5_beta-0.5 @ 2026-07-07T14:16:16Z","2026-07-07","passed","2026-07-07","Q47","medium (multi-agent, textual)","",""
"","190351","What Italian restaurants offer dishes with pancetta or prosciutto?","sample-10_alpha-0.7_beta-0.3 @ 2026-07-08T03:03:46Z","2026-07-08","passed","2026-07-08","Q13","high (multi-modal, temporal)","",""
"","1762","Which restaurant owner has the best personality?","Baseline_qwen2.5-coder @ 2026-07-11T22:08:42Z","2026-07-11","passed","2026-07-11","Q50 (qwen2.5-coder)","out-of-scope (exception)","",""
"","178227","What Italian restaurants published their menu in 2025?","sample-10_alpha-0.0_beta-1.0 @ 2026-07-09T17:35:04Z","2026-07-09","passed","2026-07-09","Q11","high (multi-modal, temporal)","",""
"","3957","Which restaurant will go viral next month?","Baseline_gemini @ 2026-07-11T22:08:42Z","2026-07-11","passed","2026-07-11","Q48 (gemini)","out-of-scope (exception)","",""
"","146926","Which restaurants in Balneário Camboriú post frequently about pasta?","sample-10_alpha-0.7_beta-0.3 @ 2026-07-08T03:03:46Z","2026-07-08","passed","2026-07-08","Q07","medium (multi-agent, textual)","",""
"","176042","What are the main topics covered in @broxadasinistra publications?","sample-10_alpha-0.5_beta-0.5 @ 2026-07-07T14:16:16Z","2026-07-07","passed","2026-07-07","Q31","low (single-agent, textual)","",""
"","139763","Which restaurants are similar to Tutto Nhoque?","sample-10_alpha-1.0_beta-0.0 @ 2026-07-09T16:05:58Z","2026-07-09","passed","2026-07-09","Q09","medium (multi-agent, textual)","",""
"","144073","Which post from the @haight_clothing profile had the highest engagement?","sample-10_alpha-0.5_beta-0.5 @ 2026-07-07T14:16:16Z","2026-07-07","passed","2026-07-07","Q25","medium (multi-agent, textual)","",""
"","3551","Which profile has the most followers in common with others?","Baseline_gemini @ 2026-07-11T22:08:42Z","2026-07-11","passed","2026-07-11","Q37 (gemini)","out-of-scope (exception)","",""
"","20047","Which restaurants in São Paulo have more than 10k followers?","Baseline_llama3.1 @ 2026-07-11T22:08:42Z","2026-07-11","passed","2026-07-11","Q05 (llama3.1)","low (single-agent, textual)","",""
"","16334","Has there been any recent crisis or complaints from @fluminensefc fanbase?","sample-10_alpha-0.0_beta-1.0 @ 2026-07-09T17:35:04Z","2026-07-09","passed","2026-07-09","Q26","high (multi-modal, temporal)","",""
"","19339","Which restaurants in Balneário Camboriú post frequently about pasta?","Baseline_llama3.1 @ 2026-07-11T22:08:42Z","2026-07-11","passed","2026-07-11","Q07 (llama3.1)","medium (multi-agent, textual)","",""
"","4355","Has there been any recent crisis or complaints from @fluminensefc fanbase?","Baseline_gemini @ 2026-07-11T22:08:42Z","2026-07-11","passed","2026-07-11","Q26 (gemini)","high (multi-modal, temporal)","",""
"","3817","Which influencers follow the @haight_clothing brand?","Baseline_gemini @ 2026-07-11T22:08:42Z","2026-07-11","passed","2026-07-11","Q24 (gemini)","medium (multi-agent, textual)","",""
"","10573","How do I become an official member (sócio-torcedor) of @fluminensefc?","Baseline_qwen2.5-coder @ 2026-07-11T22:08:42Z","2026-07-11","passed","2026-07-11","Q29 (qwen2.5-coder)","low (single-agent, textual)","",""
"","12283","How do I become an official member (sócio-torcedor) of @fluminensefc?","sample-10_alpha-0.7_beta-0.3 @ 2026-07-08T03:03:46Z","2026-07-08","passed","2026-07-08","Q29","low (single-agent, textual)","",""
"","3564","What was @fluminensefc last match?","Baseline_gemini @ 2026-07-11T22:08:42Z","2026-07-11","passed","2026-07-11","Q27 (gemini)","high (multi-modal, temporal)","",""
"","11875","Which bakeries are followed by influencers?","sample-10_alpha-0.3_beta-0.7 @ 2026-07-08T01:03:58Z","2026-07-08","passed","2026-07-08","Q45","medium (multi-agent, textual)","",""
"","10220","Which restaurants are located in Florianópolis?","Baseline_llama3.1 @ 2026-07-11T22:08:42Z","2026-07-11","passed","2026-07-11","Q40 (llama3.1)","low (single-agent, textual)","",""
"","11639","How do I become an official member (sócio-torcedor) of @fluminensefc?","sample-10_alpha-0.0_beta-1.0 @ 2026-07-09T17:35:04Z","2026-07-09","passed","2026-07-09","Q29","low (single-agent, textual)","",""
"","10022","What is the exact nutritional breakdown of dishes served nearby?","Baseline_qwen2.5-coder @ 2026-07-11T22:08:42Z","2026-07-11","passed","2026-07-11","Q16 (qwen2.5-coder)","out-of-scope (exception)","",""
"","13250","What restaurants are followed by influencers?","sample-10_alpha-0.7_beta-0.3 @ 2026-07-08T03:03:46Z","2026-07-08","passed","2026-07-08","Q08","medium (multi-agent, textual)","",""
"","17044","What are the biggest criticisms of the content published by the @eusougabriela profile?","Baseline_llama3.1 @ 2026-07-11T22:08:42Z","2026-07-11","passed","2026-07-11","Q36 (llama3.1)","high (multi-modal, temporal)","",""
"","36647","What is the exact nutritional breakdown of dishes served nearby?","sample-10_alpha-0.5_beta-0.5 @ 2026-07-07T14:16:16Z","2026-07-07","passed","2026-07-07","Q16","out-of-scope (exception)","",""
"","154329","What is the healthiest restaurant option according to medical guidelines?","sample-10_alpha-0.3_beta-0.7 @ 2026-07-08T01:03:58Z","2026-07-08","passed","2026-07-08","Q49","out-of-scope (exception)","",""
"","152869","Which restaurants are similar to Tutto Nhoque?","sample-10_alpha-0.5_beta-0.5 @ 2026-07-07T14:16:16Z","2026-07-07","passed","2026-07-07","Q09","medium (multi-agent, textual)","",""
"","140653","What restaurants comply with all local health regulations?","sample-10_alpha-0.0_beta-1.0 @ 2026-07-09T17:35:04Z","2026-07-09","passed","2026-07-09","Q20","out-of-scope (exception)","",""
"","36649","What is the exact nutritional breakdown of dishes served nearby?","sample-10_alpha-0.7_beta-0.3 @ 2026-07-08T03:03:46Z","2026-07-08","passed","2026-07-08","Q16","out-of-scope (exception)","",""
"","41651","What Italian restaurants in São Paulo are popular on Instagram?","Baseline_llama3.1 @ 2026-07-11T22:08:42Z","2026-07-11","passed","2026-07-11","Q06 (llama3.1)","medium (multi-agent, textual)","",""
"","156208","Which post from the @haight_clothing profile had the highest engagement?","sample-10_alpha-1.0_beta-0.0 @ 2026-07-09T16:05:58Z","2026-07-09","passed","2026-07-09","Q25","medium (multi-agent, textual)","",""
"","1250","What restaurants are followed by influencers?","Baseline_qwen2.5-coder @ 2026-07-11T22:08:42Z","2026-07-11","passed","2026-07-11","Q08 (qwen2.5-coder)","medium (multi-agent, textual)","",""
"","11729","What was @fluminensefc last match?","Baseline_llama3.1 @ 2026-07-11T22:08:42Z","2026-07-11","passed","2026-07-11","Q27 (llama3.1)","high (multi-modal, temporal)","",""
"","276301","What Italian restaurants offer dishes with pancetta or prosciutto?","sample-10_alpha-0.5_beta-0.5 @ 2026-07-07T14:16:16Z","2026-07-07","passed","2026-07-07","Q13","high (multi-modal, temporal)","",""
"","172559","What are the main topics covered in @broxadasinistra publications?","sample-10_alpha-0.7_beta-0.3 @ 2026-07-08T03:03:46Z","2026-07-08","passed","2026-07-08","Q31","low (single-agent, textual)","",""
"","12344","What is the healthiest restaurant option according to medical guidelines?","Baseline_qwen2.5-coder @ 2026-07-11T22:08:42Z","2026-07-11","passed","2026-07-11","Q49 (qwen2.5-coder)","out-of-scope (exception)","",""
"","11899","What is the perception of @haight_clothing profile based on comments?","sample-10_alpha-0.5_beta-0.5 @ 2026-07-07T14:16:16Z","2026-07-07","passed","2026-07-07","Q21","high (multi-modal, temporal)","",""
"","176375","What are the main criticisms of @broxadasinistra publications?","sample-10_alpha-1.0_beta-0.0 @ 2026-07-09T16:05:58Z","2026-07-09","passed","2026-07-09","Q32","high (multi-modal, temporal)","",""
"","6748","Which restaurants mention pizza in their profile?","Baseline_qwen2.5-coder @ 2026-07-11T22:08:42Z","2026-07-11","passed","2026-07-11","Q03 (qwen2.5-coder)","low (single-agent, textual)","",""
"","143810","What restaurants are open on Wednesdays?","sample-10_alpha-0.3_beta-0.7 @ 2026-07-08T01:03:58Z","2026-07-08","passed","2026-07-08","Q04","low (single-agent, textual)","",""
"","11601","What are the average prices of dishes at São Paulo?","sample-10_alpha-0.3_beta-0.7 @ 2026-07-08T01:03:58Z","2026-07-08","passed","2026-07-08","Q14","high (multi-modal, temporal)","",""
"","190367","Which post did people find funniest from @broxadasinistra?","sample-10_alpha-0.0_beta-1.0 @ 2026-07-09T17:35:04Z","2026-07-09","passed","2026-07-09","Q30","high (multi-modal, temporal)","",""
"","143736","What restaurants are open on Wednesdays?","sample-10_alpha-0.0_beta-1.0 @ 2026-07-09T17:35:04Z","2026-07-09","passed","2026-07-09","Q04","low (single-agent, textual)","",""
"","189354","Which restaurants posted daily specials in 2025?","sample-10_alpha-0.3_beta-0.7 @ 2026-07-08T01:03:58Z","2026-07-08","passed","2026-07-08","Q15","high (multi-modal, temporal)","",""
"","12379","Has there been any recent crisis or complaints from @fluminensefc fanbase?","sample-10_alpha-0.7_beta-0.3 @ 2026-07-08T03:03:46Z","2026-07-08","passed","2026-07-08","Q26","high (multi-modal, temporal)","",""
"","167646","Which restaurants posted daily specials in 2025?","sample-10_alpha-1.0_beta-0.0 @ 2026-07-09T16:05:58Z","2026-07-09","passed","2026-07-09","Q15","high (multi-modal, temporal)","",""
"","34162","I need to promote a high-end women's clothing brand — could you recommend profiles that fit that description?","sample-10_alpha-0.5_beta-0.5 @ 2026-07-07T14:16:16Z","2026-07-07","passed","2026-07-07","Q39","medium (multi-agent, textual)","",""
"","11659","What restaurants have the best taste according to customers?","sample-10_alpha-0.0_beta-1.0 @ 2026-07-09T17:35:04Z","2026-07-09","passed","2026-07-09","Q18","out-of-scope (exception)","",""
"","157601","What are the biggest criticisms of the content published by the @eusougabriela profile?","sample-10_alpha-0.0_beta-1.0 @ 2026-07-09T17:35:04Z","2026-07-09","passed","2026-07-09","Q36","high (multi-modal, temporal)","",""
"","12490","What Italian restaurants in São Paulo are popular on Instagram?","sample-10_alpha-0.3_beta-0.7 @ 2026-07-08T01:03:58Z","2026-07-08","passed","2026-07-08","Q06","medium (multi-agent, textual)","",""
"","11337","Which restaurants mention pizza in their profile?","sample-10_alpha-0.3_beta-0.7 @ 2026-07-08T01:03:58Z","2026-07-08","passed","2026-07-08","Q03","low (single-agent, textual)","",""
"","11483","What are the average prices of dishes at São Paulo?","sample-10_alpha-1.0_beta-0.0 @ 2026-07-09T16:05:58Z","2026-07-09","passed","2026-07-09","Q14","high (multi-modal, temporal)","",""
"","11899","Which bakeries are followed by influencers?","sample-10_alpha-1.0_beta-0.0 @ 2026-07-09T16:05:58Z","2026-07-09","passed","2026-07-09","Q45","medium (multi-agent, textual)","",""
"","173994","What are the biggest criticisms of the content published by the @eusougabriela profile?","sample-10_alpha-0.7_beta-0.3 @ 2026-07-08T03:03:46Z","2026-07-08","passed","2026-07-08","Q36","high (multi-modal, temporal)","",""
"","13566","Which restaurants mention sushi in their profile?","sample-10_alpha-0.7_beta-0.3 @ 2026-07-08T03:03:46Z","2026-07-08","passed","2026-07-08","Q43","low (single-agent, textual)","",""
"","170785","What Italian restaurants published their menu in 2025?","sample-10_alpha-1.0_beta-0.0 @ 2026-07-09T16:05:58Z","2026-07-09","passed","2026-07-09","Q11","high (multi-modal, temporal)","",""
"","12233","Which restaurant is objectively the best in town?","sample-10_alpha-0.7_beta-0.3 @ 2026-07-08T03:03:46Z","2026-07-08","passed","2026-07-08","Q19","out-of-scope (exception)","",""
"","11955","Which steakhouses in Curitiba are most discussed in the comments?","sample-10_alpha-0.0_beta-1.0 @ 2026-07-09T17:35:04Z","2026-07-09","passed","2026-07-09","Q44","medium (multi-agent, textual)","",""
"","142264","What are the best lifestyle tips given by the @eusougabriela profile?","sample-10_alpha-0.0_beta-1.0 @ 2026-07-09T17:35:04Z","2026-07-09","passed","2026-07-09","Q35","low (single-agent, textual)","",""
"","12431","How do I become an official member (sócio-torcedor) of @fluminensefc?","sample-10_alpha-0.3_beta-0.7 @ 2026-07-08T01:03:58Z","2026-07-08","passed","2026-07-08","Q29","low (single-agent, textual)","",""
"","137053","What are the best lifestyle tips given by the @eusougabriela profile?","sample-10_alpha-1.0_beta-0.0 @ 2026-07-09T16:05:58Z","2026-07-09","passed","2026-07-09","Q35","low (single-agent, textual)","",""
"","4301","Which profile has the most followers in common with others?","Baseline_llama3.1 @ 2026-07-11T22:08:42Z","2026-07-11","passed","2026-07-11","Q37 (llama3.1)","out-of-scope (exception)","",""
"","1490","Which restaurants posted daily specials in 2025?","Baseline_qwen2.5-coder @ 2026-07-11T22:08:42Z","2026-07-11","passed","2026-07-11","Q15 (qwen2.5-coder)","high (multi-modal, temporal)","",""
"","7797","Which restaurant's seafood posts receive the most comments?","Baseline_gemini @ 2026-07-11T22:08:42Z","2026-07-11","passed","2026-07-11","Q47 (gemini)","medium (multi-agent, textual)","",""
"","152671","Which profiles similar to @eusougabriela focus on fitness content?","sample-10_alpha-0.5_beta-0.5 @ 2026-07-07T14:16:16Z","2026-07-07","passed","2026-07-07","Q46","medium (multi-agent, textual)","",""
"","33575","Are there any Italian restaurants in Rio de Janeiro?","Baseline_llama3.1 @ 2026-07-11T22:08:42Z","2026-07-11","passed","2026-07-11","Q02 (llama3.1)","low (single-agent, textual)","",""
"","4002","Which restaurants are similar to Tutto Nhoque?","Baseline_gemini @ 2026-07-11T22:08:42Z","2026-07-11","passed","2026-07-11","Q09 (gemini)","medium (multi-agent, textual)","",""
"","29694","Taking the comments into account, which profile suffers the most hate attacks?","sample-10_alpha-0.5_beta-0.5 @ 2026-07-07T14:16:16Z","2026-07-07","passed","2026-07-07","Q38","out-of-scope (exception)","",""
"","7941","What are the average prices of dishes at São Paulo?","Baseline_gemini @ 2026-07-11T22:08:42Z","2026-07-11","passed","2026-07-11","Q14 (gemini)","high (multi-modal, temporal)","",""
"","9884","What Italian restaurants in São Paulo are popular on Instagram?","sample-10_alpha-0.5_beta-0.5 @ 2026-07-07T14:16:16Z","2026-07-07","passed","2026-07-07","Q06","medium (multi-agent, textual)","",""
"","16743","What restaurants are followed by influencers?","Baseline_llama3.1 @ 2026-07-11T22:08:42Z","2026-07-11","passed","2026-07-11","Q08 (llama3.1)","medium (multi-agent, textual)","",""
"","152152","What are the best lifestyle tips given by the @eusougabriela profile?","sample-10_alpha-0.7_beta-0.3 @ 2026-07-08T03:03:46Z","2026-07-08","passed","2026-07-08","Q35","low (single-agent, textual)","",""
"","7650","What restaurants serve fish dishes?","Baseline_gemini @ 2026-07-11T22:08:42Z","2026-07-11","passed","2026-07-11","Q10 (gemini)","medium (multi-agent, textual)","",""
"","5228","Which restaurants are located in Florianópolis?","Baseline_qwen2.5-coder @ 2026-07-11T22:08:42Z","2026-07-11","passed","2026-07-11","Q40 (qwen2.5-coder)","low (single-agent, textual)","",""
"","12169","What Italian restaurants in São Paulo are popular on Instagram?","sample-10_alpha-0.0_beta-1.0 @ 2026-07-09T17:35:04Z","2026-07-09","passed","2026-07-09","Q06","medium (multi-agent, textual)","",""
"","15287","What restaurants have the best taste according to customers?","Baseline_qwen2.5-coder @ 2026-07-11T22:08:42Z","2026-07-11","passed","2026-07-11","Q18 (qwen2.5-coder)","out-of-scope (exception)","",""
"","144228","Does the @haight_clothing profile sell online?","sample-10_alpha-0.3_beta-0.7 @ 2026-07-08T01:03:58Z","2026-07-08","passed","2026-07-08","Q23","medium (multi-agent, textual)","",""
"","250253","Are there any Italian restaurants in Rio de Janeiro?","sample-10_alpha-1.0_beta-0.0 @ 2026-07-09T16:05:58Z","2026-07-09","passed","2026-07-09","Q02","low (single-agent, textual)","",""
"","10567","Which profile has the most followers in common with others?","sample-10_alpha-0.3_beta-0.7 @ 2026-07-08T01:03:58Z","2026-07-08","passed","2026-07-08","Q37","out-of-scope (exception)","",""
"","10909","What are the average prices of dishes at São Paulo?","sample-10_alpha-0.7_beta-0.3 @ 2026-07-08T03:03:46Z","2026-07-08","passed","2026-07-08","Q14","high (multi-modal, temporal)","",""
"","181198","Was any comment on @broxadasinistra publications flagged for any kind of intolerance (racial, gender-based, or religious)?","sample-10_alpha-0.0_beta-1.0 @ 2026-07-09T17:35:04Z","2026-07-09","passed","2026-07-09","Q33","out-of-scope (exception)","",""
"","12214","What Italian restaurants published their menu in 2025?","Baseline_gemini @ 2026-07-11T22:08:42Z","2026-07-11","passed","2026-07-11","Q11 (gemini)","high (multi-modal, temporal)","",""
"","144241","What restaurants comply with all local health regulations?","sample-10_alpha-1.0_beta-0.0 @ 2026-07-09T16:05:58Z","2026-07-09","passed","2026-07-09","Q20","out-of-scope (exception)","",""
"","17070","Who is @fluminensefc most beloved player?","sample-10_alpha-0.5_beta-0.5 @ 2026-07-07T14:16:16Z","2026-07-07","passed","2026-07-07","Q28","high (multi-modal, temporal)","",""
"","145020","What are the best lifestyle tips given by the @eusougabriela profile?","sample-10_alpha-0.5_beta-0.5 @ 2026-07-07T14:16:16Z","2026-07-07","passed","2026-07-07","Q35","low (single-agent, textual)","",""
"","8058","What is the healthiest restaurant option according to medical guidelines?","Baseline_gemini @ 2026-07-11T22:08:42Z","2026-07-11","passed","2026-07-11","Q49 (gemini)","out-of-scope (exception)","",""
"","1001","Which restaurants will introduce new menu items next month?","Baseline_llama3.1 @ 2026-07-11T22:08:42Z","2026-07-11","passed","2026-07-11","Q17 (llama3.1)","out-of-scope (exception)","",""
"","14746","What Italian restaurants offer dishes with pancetta or prosciutto?","Baseline_llama3.1 @ 2026-07-11T22:08:42Z","2026-07-11","passed","2026-07-11","Q13 (llama3.1)","high (multi-modal, temporal)","",""
"","12140","Who is @fluminensefc most beloved player?","sample-10_alpha-0.0_beta-1.0 @ 2026-07-09T17:35:04Z","2026-07-09","passed","2026-07-09","Q28","high (multi-modal, temporal)","",""
"","11717","Which influencers follow the @haight_clothing brand?","sample-10_alpha-0.7_beta-0.3 @ 2026-07-08T03:03:46Z","2026-07-08","passed","2026-07-08","Q24","medium (multi-agent, textual)","",""
"","11342","Which restaurants mention pizza in their profile?","sample-10_alpha-1.0_beta-0.0 @ 2026-07-09T16:05:58Z","2026-07-09","passed","2026-07-09","Q03","low (single-agent, textual)","",""
"","11975","Which steakhouses in Curitiba are most discussed in the comments?","sample-10_alpha-1.0_beta-0.0 @ 2026-07-09T16:05:58Z","2026-07-09","passed","2026-07-09","Q44","medium (multi-agent, textual)","",""
"","8770","Which restaurants will introduce new menu items next month?","Baseline_qwen2.5-coder @ 2026-07-11T22:08:42Z","2026-07-11","passed","2026-07-11","Q17 (qwen2.5-coder)","out-of-scope (exception)","",""
"","4153","Which restaurants have more than 5k followers?","Baseline_gemini @ 2026-07-11T22:08:42Z","2026-07-11","passed","2026-07-11","Q42 (gemini)","low (single-agent, textual)","",""
"","6121","Which restaurants are similar to Tutto Nhoque?","Baseline_qwen2.5-coder @ 2026-07-11T22:08:42Z","2026-07-11","passed","2026-07-11","Q09 (qwen2.5-coder)","medium (multi-agent, textual)","",""
"","9497","Which bakeries are followed by influencers?","Baseline_qwen2.5-coder @ 2026-07-11T22:08:42Z","2026-07-11","passed","2026-07-11","Q45 (qwen2.5-coder)","medium (multi-agent, textual)","",""
"","18440","What clothing items are most suitable for a beach wedding?","sample-10_alpha-0.5_beta-0.5 @ 2026-07-07T14:16:16Z","2026-07-07","passed","2026-07-07","Q22","out-of-scope (exception)","",""
"","11880","Which bakeries are followed by influencers?","Baseline_gemini @ 2026-07-11T22:08:42Z","2026-07-11","passed","2026-07-11","Q45 (gemini)","medium (multi-agent, textual)","",""
"","11950","Which restaurants mention pizza in their profile?","Baseline_gemini @ 2026-07-11T22:08:42Z","2026-07-11","passed","2026-07-11","Q03 (gemini)","low (single-agent, textual)","",""
"","16318","Does the @haight_clothing profile sell online?","Baseline_gemini @ 2026-07-11T22:08:42Z","2026-07-11","passed","2026-07-11","Q23 (gemini)","medium (multi-agent, textual)","",""
"","11076","Which restaurant will go viral next month?","sample-10_alpha-0.3_beta-0.7 @ 2026-07-08T01:03:58Z","2026-07-08","passed","2026-07-08","Q48","out-of-scope (exception)","",""
"","5199","What Italian restaurants published their menu in 2025?","Baseline_qwen2.5-coder @ 2026-07-11T22:08:42Z","2026-07-11","passed","2026-07-11","Q11 (qwen2.5-coder)","high (multi-modal, temporal)","",""
"","3565","Do any profiles mention vegan options in their biography?","Baseline_llama3.1 @ 2026-07-11T22:08:42Z","2026-07-11","passed","2026-07-11","Q41 (llama3.1)","low (single-agent, textual)","",""
"","22453","Who is @fluminensefc most beloved player?","Baseline_llama3.1 @ 2026-07-11T22:08:42Z","2026-07-11","passed","2026-07-11","Q28 (llama3.1)","high (multi-modal, temporal)","",""
"","14716","What restaurants are near Balneário Camboriú?","Baseline_qwen2.5-coder @ 2026-07-11T22:08:42Z","2026-07-11","passed","2026-07-11","Q01 (qwen2.5-coder)","low (single-agent, textual)","",""
"","21560","Which steakhouses in Curitiba are most discussed in the comments?","Baseline_gemini @ 2026-07-11T22:08:42Z","2026-07-11","passed","2026-07-11","Q44 (gemini)","medium (multi-agent, textual)","",""
"","10937","Which profile has the most followers in common with others?","sample-10_alpha-1.0_beta-0.0 @ 2026-07-09T16:05:58Z","2026-07-09","passed","2026-07-09","Q37","out-of-scope (exception)","",""
"","12663","Which profiles similar to @eusougabriela focus on fitness content?","sample-10_alpha-1.0_beta-0.0 @ 2026-07-09T16:05:58Z","2026-07-09","passed","2026-07-09","Q46","medium (multi-agent, textual)","",""
"","150102","Which restaurants are similar to Tutto Nhoque?","sample-10_alpha-0.7_beta-0.3 @ 2026-07-08T03:03:46Z","2026-07-08","passed","2026-07-08","Q09","medium (multi-agent, textual)","",""
"","1502","What was @fluminensefc last match?","Baseline_qwen2.5-coder @ 2026-07-11T22:08:42Z","2026-07-11","passed","2026-07-11","Q27 (qwen2.5-coder)","high (multi-modal, temporal)","",""
"","37139","Do any profiles mention vegan options in their biography?","sample-10_alpha-0.5_beta-0.5 @ 2026-07-07T14:16:16Z","2026-07-07","passed","2026-07-07","Q41","low (single-agent, textual)","",""
"","11255","Which restaurants have more than 5k followers?","sample-10_alpha-0.0_beta-1.0 @ 2026-07-09T17:35:04Z","2026-07-09","passed","2026-07-09","Q42","low (single-agent, textual)","",""
"","139099","What is the healthiest restaurant option according to medical guidelines?","sample-10_alpha-1.0_beta-0.0 @ 2026-07-09T16:05:58Z","2026-07-09","passed","2026-07-09","Q49","out-of-scope (exception)","",""
"","11974","What Italian restaurants in São Paulo are popular on Instagram?","sample-10_alpha-0.7_beta-0.3 @ 2026-07-08T03:03:46Z","2026-07-08","passed","2026-07-08","Q06","medium (multi-agent, textual)","",""
"","142730","What was @fluminensefc last match?","sample-10_alpha-0.7_beta-0.3 @ 2026-07-08T03:03:46Z","2026-07-08","passed","2026-07-08","Q27","high (multi-modal, temporal)","",""
"","160778","What restaurants are near Balneário Camboriú?","sample-10_alpha-0.3_beta-0.7 @ 2026-07-08T01:03:58Z","2026-07-08","passed","2026-07-08","Q01","low (single-agent, textual)","",""
"","37863","What is the exact nutritional breakdown of dishes served nearby?","sample-10_alpha-1.0_beta-0.0 @ 2026-07-09T16:05:58Z","2026-07-09","passed","2026-07-09","Q16","out-of-scope (exception)","",""
"","177677","Was any comment on @broxadasinistra publications flagged for any kind of intolerance (racial, gender-based, or religious)?","sample-10_alpha-1.0_beta-0.0 @ 2026-07-09T16:05:58Z","2026-07-09","passed","2026-07-09","Q33","out-of-scope (exception)","",""
"","37338","What is the exact nutritional breakdown of dishes served nearby?","sample-10_alpha-0.0_beta-1.0 @ 2026-07-09T17:35:04Z","2026-07-09","passed","2026-07-09","Q16","out-of-scope (exception)","",""
"","15445","What Italian restaurants published their menu in 2025?","Baseline_llama3.1 @ 2026-07-11T22:08:42Z","2026-07-11","passed","2026-07-11","Q11 (llama3.1)","high (multi-modal, temporal)","",""
"","11179","Has there been any recent crisis or complaints from @fluminensefc fanbase?","sample-10_alpha-0.5_beta-0.5 @ 2026-07-07T14:16:16Z","2026-07-07","passed","2026-07-07","Q26","high (multi-modal, temporal)","",""
"","11365","What restaurants are near Balneário Camboriú?","sample-10_alpha-1.0_beta-0.0 @ 2026-07-09T16:05:58Z","2026-07-09","passed","2026-07-09","Q01","low (single-agent, textual)","",""
"","11415","What are the main criticisms of @broxadasinistra publications?","sample-10_alpha-0.5_beta-0.5 @ 2026-07-07T14:16:16Z","2026-07-07","passed","2026-07-07","Q32","high (multi-modal, temporal)","",""
"","20573","What restaurants are near Balneário Camboriú?","Baseline_llama3.1 @ 2026-07-11T22:08:42Z","2026-07-11","passed","2026-07-11","Q01 (llama3.1)","low (single-agent, textual)","",""
"","12020","What restaurants have the best taste according to customers?","sample-10_alpha-1.0_beta-0.0 @ 2026-07-09T16:05:58Z","2026-07-09","passed","2026-07-09","Q18","out-of-scope (exception)","",""
"","1172","Which restaurants have more than 5k followers?","Baseline_qwen2.5-coder @ 2026-07-11T22:08:42Z","2026-07-11","passed","2026-07-11","Q42 (qwen2.5-coder)","low (single-agent, textual)","",""
"","144345","What are Japanese restaurants main offered dishes?","sample-10_alpha-0.0_beta-1.0 @ 2026-07-09T17:35:04Z","2026-07-09","passed","2026-07-09","Q12","high (multi-modal, temporal)","",""
"","141645","Which restaurants in Balneário Camboriú post frequently about pasta?","sample-10_alpha-0.0_beta-1.0 @ 2026-07-09T17:35:04Z","2026-07-09","passed","2026-07-09","Q07","medium (multi-agent, textual)","",""
"","12754","What restaurants are open on Wednesdays?","Baseline_llama3.1 @ 2026-07-11T22:08:42Z","2026-07-11","passed","2026-07-11","Q04 (llama3.1)","low (single-agent, textual)","",""
"","10256","What clothing items are most suitable for a beach wedding?","sample-10_alpha-0.7_beta-0.3 @ 2026-07-08T03:03:46Z","2026-07-08","passed","2026-07-08","Q22","out-of-scope (exception)","",""
"","11868","What are Japanese restaurants main offered dishes?","Baseline_gemini @ 2026-07-11T22:08:42Z","2026-07-11","passed","2026-07-11","Q12 (gemini)","high (multi-modal, temporal)","",""
"","4399","What are the main topics covered in @broxadasinistra publications?","Baseline_gemini @ 2026-07-11T22:08:42Z","2026-07-11","passed","2026-07-11","Q31 (gemini)","low (single-agent, textual)","",""
"","12168","Which profiles similar to @eusougabriela focus on fitness content?","sample-10_alpha-0.0_beta-1.0 @ 2026-07-09T17:35:04Z","2026-07-09","passed","2026-07-09","Q46","medium (multi-agent, textual)","",""
"","167831","What restaurants comply with all local health regulations?","sample-10_alpha-0.5_beta-0.5 @ 2026-07-07T14:16:16Z","2026-07-07","passed","2026-07-07","Q20","out-of-scope (exception)","",""
"","176071","What Italian restaurants offer dishes with pancetta or prosciutto?","sample-10_alpha-0.0_beta-1.0 @ 2026-07-09T17:35:04Z","2026-07-09","passed","2026-07-09","Q13","high (multi-modal, temporal)","",""
"","138462","Which restaurants in Balneário Camboriú post frequently about pasta?","sample-10_alpha-0.3_beta-0.7 @ 2026-07-08T01:03:58Z","2026-07-08","passed","2026-07-08","Q07","medium (multi-agent, textual)","",""
"","3828","What Italian restaurants in São Paulo are popular on Instagram?","Baseline_gemini @ 2026-07-11T22:08:42Z","2026-07-11","passed","2026-07-11","Q06 (gemini)","medium (multi-agent, textual)","",""
"","1787","Which influencers follow the @haight_clothing brand?","Baseline_qwen2.5-coder @ 2026-07-11T22:08:42Z","2026-07-11","passed","2026-07-11","Q24 (qwen2.5-coder)","medium (multi-agent, textual)","",""
"","8163","Which restaurants posted daily specials in 2025?","Baseline_gemini @ 2026-07-11T22:08:42Z","2026-07-11","passed","2026-07-11","Q15 (gemini)","high (multi-modal, temporal)","",""
"","155827","Which restaurants posted daily specials in 2025?","sample-10_alpha-0.0_beta-1.0 @ 2026-07-09T17:35:04Z","2026-07-09","passed","2026-07-09","Q15","high (multi-modal, temporal)","",""
"","2657","Are there any Italian restaurants in Rio de Janeiro?","Baseline_qwen2.5-coder @ 2026-07-11T22:08:42Z","2026-07-11","passed","2026-07-11","Q02 (qwen2.5-coder)","low (single-agent, textual)","",""
"","191255","What Italian restaurants offer dishes with pancetta or prosciutto?","sample-10_alpha-1.0_beta-0.0 @ 2026-07-09T16:05:58Z","2026-07-09","passed","2026-07-09","Q13","high (multi-modal, temporal)","",""
"","2275","Does the @haight_clothing profile sell online?","Baseline_qwen2.5-coder @ 2026-07-11T22:08:42Z","2026-07-11","passed","2026-07-11","Q23 (qwen2.5-coder)","medium (multi-agent, textual)","",""
"","164603","Which restaurants posted daily specials in 2025?","sample-10_alpha-0.7_beta-0.3 @ 2026-07-08T03:03:46Z","2026-07-08","passed","2026-07-08","Q15","high (multi-modal, temporal)","",""
"","11933","Which restaurants mention sushi in their profile?","Baseline_gemini @ 2026-07-11T22:08:42Z","2026-07-11","passed","2026-07-11","Q43 (gemini)","low (single-agent, textual)","",""
"","126808","What was @fluminensefc last match?","sample-10_alpha-0.0_beta-1.0 @ 2026-07-09T17:35:04Z","2026-07-09","passed","2026-07-09","Q27","high (multi-modal, temporal)","",""
"","23255","Which restaurant owner has the best personality?","sample-10_alpha-0.5_beta-0.5 @ 2026-07-07T14:16:16Z","2026-07-07","passed","2026-07-07","Q50","out-of-scope (exception)","",""
"","20382","Was any comment on @broxadasinistra publications flagged for any kind of intolerance (racial, gender-based, or religious)?","Baseline_gemini @ 2026-07-11T22:08:42Z","2026-07-11","passed","2026-07-11","Q33 (gemini)","out-of-scope (exception)","",""
"","188005","Are there any Italian restaurants in Rio de Janeiro?","sample-10_alpha-0.7_beta-0.3 @ 2026-07-08T03:03:46Z","2026-07-08","passed","2026-07-08","Q02","low (single-agent, textual)","",""
"","14725","Which post did people find funniest from @broxadasinistra?","Baseline_qwen2.5-coder @ 2026-07-11T22:08:42Z","2026-07-11","passed","2026-07-11","Q30 (qwen2.5-coder)","high (multi-modal, temporal)","",""
"","12869","Which restaurants have more than 5k followers?","sample-10_alpha-0.7_beta-0.3 @ 2026-07-08T03:03:46Z","2026-07-08","passed","2026-07-08","Q42","low (single-agent, textual)","",""
"","12403","Taking the comments into account, which profile suffers the most hate attacks?","sample-10_alpha-0.3_beta-0.7 @ 2026-07-08T01:03:58Z","2026-07-08","passed","2026-07-08","Q38","out-of-scope (exception)","",""
"","160113","What are Japanese restaurants main offered dishes?","sample-10_alpha-0.7_beta-0.3 @ 2026-07-08T03:03:46Z","2026-07-08","passed","2026-07-08","Q12","high (multi-modal, temporal)","",""
"","4357","Who is @fluminensefc most beloved player?","Baseline_gemini @ 2026-07-11T22:08:42Z","2026-07-11","passed","2026-07-11","Q28 (gemini)","high (multi-modal, temporal)","",""
"","4688","Taking the comments into account, which profile suffers the most hate attacks?","Baseline_qwen2.5-coder @ 2026-07-11T22:08:42Z","2026-07-11","passed","2026-07-11","Q38 (qwen2.5-coder)","out-of-scope (exception)","",""
"","11885","What restaurants have the best taste according to customers?","sample-10_alpha-0.3_beta-0.7 @ 2026-07-08T01:03:58Z","2026-07-08","passed","2026-07-08","Q18","out-of-scope (exception)","",""
"","160030","What restaurants are open on Wednesdays?","sample-10_alpha-0.5_beta-0.5 @ 2026-07-07T14:16:16Z","2026-07-07","passed","2026-07-07","Q04","low (single-agent, textual)","",""
"","4054","Which profiles similar to @eusougabriela focus on fitness content?","Baseline_gemini @ 2026-07-11T22:08:42Z","2026-07-11","passed","2026-07-11","Q46 (gemini)","medium (multi-agent, textual)","",""
"","10027","Which restaurants are located in Florianópolis?","sample-10_alpha-0.3_beta-0.7 @ 2026-07-08T01:03:58Z","2026-07-08","passed","2026-07-08","Q40","low (single-agent, textual)","",""
"","11787","Which restaurants in São Paulo have more than 10k followers?","sample-10_alpha-0.3_beta-0.7 @ 2026-07-08T01:03:58Z","2026-07-08","passed","2026-07-08","Q05","low (single-agent, textual)","",""
"","11596","Which influencers follow the @haight_clothing brand?","sample-10_alpha-1.0_beta-0.0 @ 2026-07-09T16:05:58Z","2026-07-09","passed","2026-07-09","Q24","medium (multi-agent, textual)","",""
"","8260","Which restaurants are located in Florianópolis?","Baseline_gemini @ 2026-07-11T22:08:42Z","2026-07-11","passed","2026-07-11","Q40 (gemini)","low (single-agent, textual)","",""
"","22559","What restaurants are near Balneário Camboriú?","sample-10_alpha-0.5_beta-0.5 @ 2026-07-07T14:16:16Z","2026-07-07","passed","2026-07-07","Q01","low (single-agent, textual)","",""
"","11414","What clothing items are most suitable for a beach wedding?","sample-10_alpha-1.0_beta-0.0 @ 2026-07-09T16:05:58Z","2026-07-09","passed","2026-07-09","Q22","out-of-scope (exception)","",""
"","159596","What are the main topics covered in @broxadasinistra publications?","sample-10_alpha-1.0_beta-0.0 @ 2026-07-09T16:05:58Z","2026-07-09","passed","2026-07-09","Q31","low (single-agent, textual)","",""
"","152274","What restaurants comply with all local health regulations?","sample-10_alpha-0.7_beta-0.3 @ 2026-07-08T03:03:46Z","2026-07-08","passed","2026-07-08","Q20","out-of-scope (exception)","",""
"","171063","What are the biggest criticisms of the content published by the @eusougabriela profile?","sample-10_alpha-0.3_beta-0.7 @ 2026-07-08T01:03:58Z","2026-07-08","passed","2026-07-08","Q36","high (multi-modal, temporal)","",""
"","37987","What restaurants have the best taste according to customers?","Baseline_llama3.1 @ 2026-07-11T22:08:42Z","2026-07-11","passed","2026-07-11","Q18 (llama3.1)","out-of-scope (exception)","",""
"","22412","Which restaurant owner has the best personality?","sample-10_alpha-0.7_beta-0.3 @ 2026-07-08T03:03:46Z","2026-07-08","passed","2026-07-08","Q50","out-of-scope (exception)","",""
"","197941","Which post did people find funniest from @broxadasinistra?","sample-10_alpha-0.3_beta-0.7 @ 2026-07-08T01:03:58Z","2026-07-08","passed","2026-07-08","Q30","high (multi-modal, temporal)","",""
"","139903","What was @fluminensefc last match?","sample-10_alpha-0.3_beta-0.7 @ 2026-07-08T01:03:58Z","2026-07-08","passed","2026-07-08","Q27","high (multi-modal, temporal)","",""
"","3603","What is the best fitness tip given by the @eusougabriela profile?","Baseline_gemini @ 2026-07-11T22:08:42Z","2026-07-11","passed","2026-07-11","Q34 (gemini)","low (single-agent, textual)","",""
"","161874","Which restaurants mention sushi in their profile?","sample-10_alpha-0.5_beta-0.5 @ 2026-07-07T14:16:16Z","2026-07-07","passed","2026-07-07","Q43","low (single-agent, textual)","",""
"","12039","What Italian restaurants offer dishes with pancetta or prosciutto?","Baseline_gemini @ 2026-07-11T22:08:42Z","2026-07-11","passed","2026-07-11","Q13 (gemini)","high (multi-modal, temporal)","",""
"","10797","Which profiles similar to @eusougabriela focus on fitness content?","sample-10_alpha-0.7_beta-0.3 @ 2026-07-08T03:03:46Z","2026-07-08","passed","2026-07-08","Q46","medium (multi-agent, textual)","",""
"","12004","What clothing items are most suitable for a beach wedding?","sample-10_alpha-0.3_beta-0.7 @ 2026-07-08T01:03:58Z","2026-07-08","passed","2026-07-08","Q22","out-of-scope (exception)","",""
"","3691","Do any profiles mention vegan options in their biography?","Baseline_gemini @ 2026-07-11T22:08:42Z","2026-07-11","passed","2026-07-11","Q41 (gemini)","low (single-agent, textual)","",""
"","9290","Which restaurants are located in Florianópolis?","sample-10_alpha-0.5_beta-0.5 @ 2026-07-07T14:16:16Z","2026-07-07","passed","2026-07-07","Q40","low (single-agent, textual)","",""
"","141953","Which restaurants are similar to Tutto Nhoque?","sample-10_alpha-0.0_beta-1.0 @ 2026-07-09T17:35:04Z","2026-07-09","passed","2026-07-09","Q09","medium (multi-agent, textual)","",""
"","11758","Which restaurants in São Paulo have more than 10k followers?","sample-10_alpha-1.0_beta-0.0 @ 2026-07-09T16:05:58Z","2026-07-09","passed","2026-07-09","Q05","low (single-agent, textual)","",""
"","11939","Are there any Italian restaurants in Rio de Janeiro?","Baseline_gemini @ 2026-07-11T22:08:42Z","2026-07-11","passed","2026-07-11","Q02 (gemini)","low (single-agent, textual)","",""
"","36618","What is the exact nutritional breakdown of dishes served nearby?","sample-10_alpha-0.3_beta-0.7 @ 2026-07-08T01:03:58Z","2026-07-08","passed","2026-07-08","Q16","out-of-scope (exception)","",""
"","47140","What are the main criticisms of @broxadasinistra publications?","Baseline_llama3.1 @ 2026-07-11T22:08:42Z","2026-07-11","passed","2026-07-11","Q32 (llama3.1)","high (multi-modal, temporal)","",""
"","149499","Which restaurants will introduce new menu items next month?","sample-10_alpha-1.0_beta-0.0 @ 2026-07-09T16:05:58Z","2026-07-09","passed","2026-07-09","Q17","out-of-scope (exception)","",""
"","188395","What Italian restaurants published their menu in 2025?","sample-10_alpha-0.5_beta-0.5 @ 2026-07-07T14:16:16Z","2026-07-07","passed","2026-07-07","Q11","high (multi-modal, temporal)","",""
"","4215","Which restaurant owner has the best personality?","Baseline_gemini @ 2026-07-11T22:08:42Z","2026-07-11","passed","2026-07-11","Q50 (gemini)","out-of-scope (exception)","",""
"","11677","Which restaurant will go viral next month?","sample-10_alpha-0.0_beta-1.0 @ 2026-07-09T17:35:04Z","2026-07-09","passed","2026-07-09","Q48","out-of-scope (exception)","",""
"","11998","Which restaurants in São Paulo have more than 10k followers?","sample-10_alpha-0.0_beta-1.0 @ 2026-07-09T17:35:04Z","2026-07-09","passed","2026-07-09","Q05","low (single-agent, textual)","",""
"","4382","What restaurants serve fish dishes?","Baseline_llama3.1 @ 2026-07-11T22:08:42Z","2026-07-11","passed","2026-07-11","Q10 (llama3.1)","medium (multi-agent, textual)","",""
"","8007","What are the best lifestyle tips given by the @eusougabriela profile?","Baseline_gemini @ 2026-07-11T22:08:42Z","2026-07-11","passed","2026-07-11","Q35 (gemini)","low (single-agent, textual)","",""
"","148560","What are Japanese restaurants main offered dishes?","sample-10_alpha-0.3_beta-0.7 @ 2026-07-08T01:03:58Z","2026-07-08","passed","2026-07-08","Q12","high (multi-modal, temporal)","",""
"","29505","What is the healthiest restaurant option according to medical guidelines?","Baseline_llama3.1 @ 2026-07-11T22:08:42Z","2026-07-11","passed","2026-07-11","Q49 (llama3.1)","out-of-scope (exception)","",""
"","4323","What is the perception of @haight_clothing profile based on comments?","Baseline_gemini @ 2026-07-11T22:08:42Z","2026-07-11","passed","2026-07-11","Q21 (gemini)","high (multi-modal, temporal)","",""
"","3842","Which post from the @haight_clothing profile had the highest engagement?","Baseline_gemini @ 2026-07-11T22:08:42Z","2026-07-11","passed","2026-07-11","Q25 (gemini)","medium (multi-agent, textual)","",""
"","152404","What is the best fitness tip given by the @eusougabriela profile?","sample-10_alpha-0.3_beta-0.7 @ 2026-07-08T01:03:58Z","2026-07-08","passed","2026-07-08","Q34","low (single-agent, textual)","",""
"","163248","Are there any Italian restaurants in Rio de Janeiro?","sample-10_alpha-0.3_beta-0.7 @ 2026-07-08T01:03:58Z","2026-07-08","passed","2026-07-08","Q02","low (single-agent, textual)","",""
"","11846","Which restaurants mention sushi in their profile?","sample-10_alpha-1.0_beta-0.0 @ 2026-07-09T16:05:58Z","2026-07-09","passed","2026-07-09","Q43","low (single-agent, textual)","",""
"","12874","Was any comment on @broxadasinistra publications flagged for any kind of intolerance (racial, gender-based, or religious)?","Baseline_qwen2.5-coder @ 2026-07-11T22:08:42Z","2026-07-11","passed","2026-07-11","Q33 (qwen2.5-coder)","out-of-scope (exception)","",""
"","7807","How do I become an official member (sócio-torcedor) of @fluminensefc?","Baseline_gemini @ 2026-07-11T22:08:42Z","2026-07-11","passed","2026-07-11","Q29 (gemini)","low (single-agent, textual)","",""
"","23647","Which post from the @haight_clothing profile had the highest engagement?","Baseline_llama3.1 @ 2026-07-11T22:08:42Z","2026-07-11","passed","2026-07-11","Q25 (llama3.1)","medium (multi-agent, textual)","",""
"","20664","What are the average prices of dishes at São Paulo?","sample-10_alpha-0.5_beta-0.5 @ 2026-07-07T14:16:16Z","2026-07-07","passed","2026-07-07","Q14","high (multi-modal, temporal)","",""
"","10210","What restaurants serve fish dishes?","Baseline_qwen2.5-coder @ 2026-07-11T22:08:42Z","2026-07-11","passed","2026-07-11","Q10 (qwen2.5-coder)","medium (multi-agent, textual)","",""
"","159872","What are Japanese restaurants main offered dishes?","sample-10_alpha-0.5_beta-0.5 @ 2026-07-07T14:16:16Z","2026-07-07","passed","2026-07-07","Q12","high (multi-modal, temporal)","",""
"","155573","What are the biggest criticisms of the content published by the @eusougabriela profile?","sample-10_alpha-1.0_beta-0.0 @ 2026-07-09T16:05:58Z","2026-07-09","passed","2026-07-09","Q36","high (multi-modal, temporal)","",""
"","18152","Do any profiles mention vegan options in their biography?","sample-10_alpha-0.3_beta-0.7 @ 2026-07-08T01:03:58Z","2026-07-08","passed","2026-07-08","Q41","low (single-agent, textual)","",""
"","11877","Which restaurants will introduce new menu items next month?","Baseline_gemini @ 2026-07-11T22:08:42Z","2026-07-11","passed","2026-07-11","Q17 (gemini)","out-of-scope (exception)","",""
"","25570","Which restaurant will go viral next month?","sample-10_alpha-0.7_beta-0.3 @ 2026-07-08T03:03:46Z","2026-07-08","passed","2026-07-08","Q48","out-of-scope (exception)","",""
"","177663","What Italian restaurants published their menu in 2025?","sample-10_alpha-0.3_beta-0.7 @ 2026-07-08T01:03:58Z","2026-07-08","passed","2026-07-08","Q11","high (multi-modal, temporal)","",""
"","157564","What is the best fitness tip given by the @eusougabriela profile?","sample-10_alpha-0.7_beta-0.3 @ 2026-07-08T03:03:46Z","2026-07-08","passed","2026-07-08","Q34","low (single-agent, textual)","",""
"","11789","What restaurants are followed by influencers?","sample-10_alpha-0.0_beta-1.0 @ 2026-07-09T17:35:04Z","2026-07-09","passed","2026-07-09","Q08","medium (multi-agent, textual)","",""
"","12080","Who is @fluminensefc most beloved player?","sample-10_alpha-1.0_beta-0.0 @ 2026-07-09T16:05:58Z","2026-07-09","passed","2026-07-09","Q28","high (multi-modal, temporal)","",""
"","10923","Which restaurants mention pizza in their profile?","Baseline_llama3.1 @ 2026-07-11T22:08:42Z","2026-07-11","passed","2026-07-11","Q03 (llama3.1)","low (single-agent, textual)","",""
"","5856","What restaurants are open on Wednesdays?","Baseline_qwen2.5-coder @ 2026-07-11T22:08:42Z","2026-07-11","passed","2026-07-11","Q04 (qwen2.5-coder)","low (single-agent, textual)","",""
"","160357","Does the @haight_clothing profile sell online?","sample-10_alpha-0.5_beta-0.5 @ 2026-07-07T14:16:16Z","2026-07-07","passed","2026-07-07","Q23","medium (multi-agent, textual)","",""
"","151636","What restaurants serve fish dishes?","sample-10_alpha-0.0_beta-1.0 @ 2026-07-09T17:35:04Z","2026-07-09","passed","2026-07-09","Q10","medium (multi-agent, textual)","",""
"","7967","What restaurants are followed by influencers?","Baseline_gemini @ 2026-07-11T22:08:42Z","2026-07-11","passed","2026-07-11","Q08 (gemini)","medium (multi-agent, textual)","",""
"","6951","What restaurants comply with all local health regulations?","Baseline_qwen2.5-coder @ 2026-07-11T22:08:42Z","2026-07-11","passed","2026-07-11","Q20 (qwen2.5-coder)","out-of-scope (exception)","",""
"","184923","What are the main topics covered in @broxadasinistra publications?","sample-10_alpha-0.0_beta-1.0 @ 2026-07-09T17:35:04Z","2026-07-09","passed","2026-07-09","Q31","low (single-agent, textual)","",""
"","17585","Taking the comments into account, which profile suffers the most hate attacks?","sample-10_alpha-0.7_beta-0.3 @ 2026-07-08T03:03:46Z","2026-07-08","passed","2026-07-08","Q38","out-of-scope (exception)","",""
"","35316","Which restaurants are similar to Tutto Nhoque?","Baseline_llama3.1 @ 2026-07-11T22:08:42Z","2026-07-11","passed","2026-07-11","Q09 (llama3.1)","medium (multi-agent, textual)","",""
"","23114","What are the biggest criticisms of the content published by the @eusougabriela profile?","Baseline_gemini @ 2026-07-11T22:08:42Z","2026-07-11","passed","2026-07-11","Q36 (gemini)","high (multi-modal, temporal)","",""
"","7502","What Italian restaurants in São Paulo are popular on Instagram?","Baseline_qwen2.5-coder @ 2026-07-11T22:08:42Z","2026-07-11","passed","2026-07-11","Q06 (qwen2.5-coder)","medium (multi-agent, textual)","",""
"","10451","Has there been any recent crisis or complaints from @fluminensefc fanbase?","Baseline_qwen2.5-coder @ 2026-07-11T22:08:42Z","2026-07-11","passed","2026-07-11","Q26 (qwen2.5-coder)","high (multi-modal, temporal)","",""
"","10517","Taking the comments into account, which profile suffers the most hate attacks?","Baseline_llama3.1 @ 2026-07-11T22:08:42Z","2026-07-11","passed","2026-07-11","Q38 (llama3.1)","out-of-scope (exception)","",""
"","13475","Which steakhouses in Curitiba are most discussed in the comments?","sample-10_alpha-0.7_beta-0.3 @ 2026-07-08T03:03:46Z","2026-07-08","passed","2026-07-08","Q44","medium (multi-agent, textual)","",""
"","9516","How do I become an official member (sócio-torcedor) of @fluminensefc?","sample-10_alpha-0.5_beta-0.5 @ 2026-07-07T14:16:16Z","2026-07-07","passed","2026-07-07","Q29","low (single-agent, textual)","",""
"","154997","What is the best fitness tip given by the @eusougabriela profile?","sample-10_alpha-0.5_beta-0.5 @ 2026-07-07T14:16:16Z","2026-07-07","passed","2026-07-07","Q34","low (single-agent, textual)","",""
"","12192","Has there been any recent crisis or complaints from @fluminensefc fanbase?","sample-10_alpha-1.0_beta-0.0 @ 2026-07-09T16:05:58Z","2026-07-09","passed","2026-07-09","Q26","high (multi-modal, temporal)","",""
"","8394","Which restaurant's seafood posts receive the most comments?","Baseline_qwen2.5-coder @ 2026-07-11T22:08:42Z","2026-07-11","passed","2026-07-11","Q47 (qwen2.5-coder)","medium (multi-agent, textual)","",""
"","154135","What restaurants comply with all local health regulations?","sample-10_alpha-0.3_beta-0.7 @ 2026-07-08T01:03:58Z","2026-07-08","passed","2026-07-08","Q20","out-of-scope (exception)","",""
"","146728","Which restaurant's seafood posts receive the most comments?","sample-10_alpha-0.7_beta-0.3 @ 2026-07-08T03:03:46Z","2026-07-08","passed","2026-07-08","Q47","medium (multi-agent, textual)","",""
"","203389","Which restaurants posted daily specials in 2025?","sample-10_alpha-0.5_beta-0.5 @ 2026-07-07T14:16:16Z","2026-07-07","passed","2026-07-07","Q15","high (multi-modal, temporal)","",""
"","1333","Do any profiles mention vegan options in their biography?","Baseline_qwen2.5-coder @ 2026-07-11T22:08:42Z","2026-07-11","passed","2026-07-11","Q41 (qwen2.5-coder)","low (single-agent, textual)","",""
"","11207","Which restaurants mention pizza in their profile?","sample-10_alpha-0.0_beta-1.0 @ 2026-07-09T17:35:04Z","2026-07-09","passed","2026-07-09","Q03","low (single-agent, textual)","",""
"","4286","Taking the comments into account, which profile suffers the most hate attacks?","Baseline_gemini @ 2026-07-11T22:08:42Z","2026-07-11","passed","2026-07-11","Q38 (gemini)","out-of-scope (exception)","",""
"","177473","Was any comment on @broxadasinistra publications flagged for any kind of intolerance (racial, gender-based, or religious)?","sample-10_alpha-0.3_beta-0.7 @ 2026-07-08T01:03:58Z","2026-07-08","passed","2026-07-08","Q33","out-of-scope (exception)","",""
"","23552","What are the best lifestyle tips given by the @eusougabriela profile?","Baseline_llama3.1 @ 2026-07-11T22:08:42Z","2026-07-11","passed","2026-07-11","Q35 (llama3.1)","low (single-agent, textual)","",""
"","13493","I need to promote a high-end women's clothing brand — could you recommend profiles that fit that description?","sample-10_alpha-0.3_beta-0.7 @ 2026-07-08T01:03:58Z","2026-07-08","passed","2026-07-08","Q39","medium (multi-agent, textual)","",""
"","258989","What Italian restaurants offer dishes with pancetta or prosciutto?","sample-10_alpha-0.3_beta-0.7 @ 2026-07-08T01:03:58Z","2026-07-08","passed","2026-07-08","Q13","high (multi-modal, temporal)","",""
"","13479","Which restaurants mention pizza in their profile?","sample-10_alpha-0.7_beta-0.3 @ 2026-07-08T03:03:46Z","2026-07-08","passed","2026-07-08","Q03","low (single-agent, textual)","",""
"","190493","Which post did people find funniest from @broxadasinistra?","sample-10_alpha-0.5_beta-0.5 @ 2026-07-07T14:16:16Z","2026-07-07","passed","2026-07-07","Q30","high (multi-modal, temporal)","",""
"","27411","Which restaurant is objectively the best in town?","sample-10_alpha-0.0_beta-1.0 @ 2026-07-09T17:35:04Z","2026-07-09","passed","2026-07-09","Q19","out-of-scope (exception)","",""
"","11632","Which restaurant owner has the best personality?","sample-10_alpha-0.3_beta-0.7 @ 2026-07-08T01:03:58Z","2026-07-08","passed","2026-07-08","Q50","out-of-scope (exception)","",""
"","3889","Which restaurant is objectively the best in town?","Baseline_gemini @ 2026-07-11T22:08:42Z","2026-07-11","passed","2026-07-11","Q19 (gemini)","out-of-scope (exception)","",""
"","12399","Do any profiles mention vegan options in their biography?","sample-10_alpha-0.0_beta-1.0 @ 2026-07-09T17:35:04Z","2026-07-09","passed","2026-07-09","Q41","low (single-agent, textual)","",""
"","21571","Which restaurant will go viral next month?","Baseline_llama3.1 @ 2026-07-11T22:08:42Z","2026-07-11","passed","2026-07-11","Q48 (llama3.1)","out-of-scope (exception)","",""
"","21047","Does the @haight_clothing profile sell online?","Baseline_llama3.1 @ 2026-07-11T22:08:42Z","2026-07-11","passed","2026-07-11","Q23 (llama3.1)","medium (multi-agent, textual)","",""
"","10784","What is the best fitness tip given by the @eusougabriela profile?","Baseline_qwen2.5-coder @ 2026-07-11T22:08:42Z","2026-07-11","passed","2026-07-11","Q34 (qwen2.5-coder)","low (single-agent, textual)","",""
"","367042","Which restaurant is objectively the best in town?","sample-10_alpha-0.3_beta-0.7 @ 2026-07-08T01:03:58Z","2026-07-08","passed","2026-07-08","Q19","out-of-scope (exception)","",""
"","179373","What are the main criticisms of @broxadasinistra publications?","sample-10_alpha-0.0_beta-1.0 @ 2026-07-09T17:35:04Z","2026-07-09","passed","2026-07-09","Q32","high (multi-modal, temporal)","",""
